Symbol,Name,Sector/Exchange,Status,SecurityId,ExchangeSegment,Instrument
NIFTY,Nifty 50 Index,INDEX,ACTIVE,256,IDX_I,INDEX
BANKNIFTY,Bank Nifty Index,INDEX,ACTIVE,257,IDX_I,INDEX
FINNIFTY,Fin Nifty Index,INDEX,ACTIVE,258,IDX_I,INDEX
MIDCPNIFTY,Nifty Midcap Select Index,INDEX,ACTIVE,259,IDX_I,INDEX
GOLD,Gold Futures active contract,COMMODITY,ACTIVE,GOLD_ACTIVE,MCX_COMM,FUTCOM
SILVER,Silver Futures active contract,COMMODITY,ACTIVE,SILVER_ACTIVE,MCX_COMM,FUTCOM
CRUDEOIL,Crude Oil Futures active contract,COMMODITY,ACTIVE,CRUDEOIL_ACTIVE,MCX_COMM,FUTCOM
RELIANCE,Reliance Industries Ltd.,CONGLOMERATE,ACTIVE,2885,NSE_EQ,EQUITY
TCS,Tata Consultancy Services Ltd.,IT,ACTIVE,11536,NSE_EQ,EQUITY
INFY,Infosys Ltd.,IT,ACTIVE,1594,NSE_EQ,EQUITY
HDFCBANK,HDFC Bank Ltd.,BANKING,ACTIVE,1333,NSE_EQ,EQUITY
ICICIBANK,ICICI Bank Ltd.,BANKING,ACTIVE,4963,NSE_EQ,EQUITY
SBIN,State Bank of India,BANKING,ACTIVE,3045,NSE_EQ,EQUITY
BHARTIARTL,Bharti Airtel Ltd.,TELECOM,ACTIVE,10604,NSE_EQ,EQUITY
LTIM,LTIMindtree Ltd.,IT,ACTIVE,17818,NSE_EQ,EQUITY
LT,Larsen & Toubro Ltd.,INFRASTRUCTURE,ACTIVE,11483,NSE_EQ,EQUITY
ITC,ITC Ltd.,FMCG,ACTIVE,1660,NSE_EQ,EQUITY
HINDUNILVR,Hindustan Unilever Ltd.,FMCG,ACTIVE,1330,NSE_EQ,EQUITY
ADANIENT,Adani Enterprises Ltd.,CONGLOMERATE,ACTIVE,25,NSE_EQ,EQUITY
ADANIPORTS,Adani Ports & SEZ Ltd.,INFRASTRUCTURE,ACTIVE,15083,NSE_EQ,EQUITY
ADANIPOWER,Adani Power Ltd.,POWER,ACTIVE,15413,NSE_EQ,EQUITY
ABB,ABB India Ltd.,ENGINEERING,ACTIVE,15,NSE_EQ,EQUITY
ABBOTINDIA,Abbott India Ltd.,PHARMA,ACTIVE,20432,NSE_EQ,EQUITY
ABCAPITAL,Aditya Birla Capital Ltd.,FINANCE,ACTIVE,3003,NSE_EQ,EQUITY
ACC,ACC Ltd.,CEMENT,ACTIVE,22,NSE_EQ,EQUITY
ALKEM,Alkem Laboratories Ltd.,PHARMA,ACTIVE,11703,NSE_EQ,EQUITY
AMBUJACEM,Ambuja Cements Ltd.,CEMENT,ACTIVE,1270,NSE_EQ,EQUITY
APOLLOHOSP,Apollo Hospitals Enterprise Ltd.,HEALTHCARE,ACTIVE,157,NSE_EQ,EQUITY
APOLLOTYRE,Apollo Tyres Ltd.,AUTO,ACTIVE,163,NSE_EQ,EQUITY
ASHOKLEY,Ashok Leyland Ltd.,AUTO,ACTIVE,212,NSE_EQ,EQUITY
ASTRAL,Astral Ltd.,PLASTICS,ACTIVE,14418,NSE_EQ,EQUITY
ATUL,Atul Ltd.,CHEMICALS,ACTIVE,263,NSE_EQ,EQUITY
AUBANK,AU Small Finance Bank Ltd.,BANKING,ACTIVE,18096,NSE_EQ,EQUITY
AUROPHARMA,Aurobindo Pharma Ltd.,PHARMA,ACTIVE,275,NSE_EQ,EQUITY
AXISBANK,Axis Bank Ltd.,BANKING,ACTIVE,5900,NSE_EQ,EQUITY
BAJAJ-AUTO,Bajaj Auto Ltd.,AUTO,ACTIVE,16669,NSE_EQ,EQUITY
BAJFINANCE,Bajaj Finance Ltd.,FINANCE,ACTIVE,317,NSE_EQ,EQUITY
BAJFINSV,Bajaj Finserv Ltd.,FINANCE,ACTIVE,16675,NSE_EQ,EQUITY
BALKRISIND,Balkrishna Industries Ltd.,AUTO,ACTIVE,334,NSE_EQ,EQUITY
BANDHANBNK,Bandhan Bank Ltd.,BANKING,ACTIVE,2263,NSE_EQ,EQUITY
BANKBARODA,Bank of Baroda,BANKING,ACTIVE,4668,NSE_EQ,EQUITY
BATAINDIA,Bata India Ltd.,RETAIL,ACTIVE,371,NSE_EQ,EQUITY
BEL,Bharat Electronics Ltd.,DEFENSE,ACTIVE,383,NSE_EQ,EQUITY
BHEL,Bharat Heavy Electricals Ltd.,ENGINEERING,ACTIVE,438,NSE_EQ,EQUITY
BIOCON,Biocon Ltd.,PHARMA,ACTIVE,11373,NSE_EQ,EQUITY
BOSCHLTD,Bosch Ltd.,AUTO,ACTIVE,469,NSE_EQ,EQUITY
BPCL,Bharat Petroleum Corporation Ltd.,OIL & GAS,ACTIVE,526,NSE_EQ,EQUITY
BRITANNIA,Britannia Industries Ltd.,FMCG,ACTIVE,547,NSE_EQ,EQUITY
BSOFT,Birlasoft Ltd.,IT,ACTIVE,6994,NSE_EQ,EQUITY
CANFINHOME,Can Fin Homes Ltd.,FINANCE,ACTIVE,583,NSE_EQ,EQUITY
CANBK,Canara Bank,BANKING,ACTIVE,10730,NSE_EQ,EQUITY
CHAMBLFERT,Chambal Fertilisers & Chemicals Ltd.,FERTILIZERS,ACTIVE,637,NSE_EQ,EQUITY
CHOLAMANDM,Cholamandalam Investment & Finance,FINANCE,ACTIVE,685,NSE_EQ,EQUITY
CIPLA,Cipla Ltd.,PHARMA,ACTIVE,694,NSE_EQ,EQUITY
COALINDIA,Coal India Ltd.,MINING,ACTIVE,20377,NSE_EQ,EQUITY
COFORGE,Coforge Ltd.,IT,ACTIVE,11543,NSE_EQ,EQUITY
COLPAL,Colgate-Palmolive (India) Ltd.,FMCG,ACTIVE,740,NSE_EQ,EQUITY
CONCOR,Container Corporation of India Ltd.,LOGISTICS,ACTIVE,4760,NSE_EQ,EQUITY
COROMANDEL,Coromandel International Ltd.,FERTILIZERS,ACTIVE,753,NSE_EQ,EQUITY
CROMPTON,Crompton Greaves Consumer Electricals,ELECTRONICS,ACTIVE,12040,NSE_EQ,EQUITY
CUB,City Union Bank Ltd.,BANKING,ACTIVE,704,NSE_EQ,EQUITY
CUMMINSIND,Cummins India Ltd.,ENGINEERING,ACTIVE,1901,NSE_EQ,EQUITY
DABUR,Dabur India Ltd.,FMCG,ACTIVE,772,NSE_EQ,EQUITY
DALBHARAT,Dalmia Bharat Ltd.,CEMENT,ACTIVE,1256,NSE_EQ,EQUITY
DEEPAKNTR,Deepak Nitrite Ltd.,CHEMICALS,ACTIVE,19943,NSE_EQ,EQUITY
DELHIVERY,Delhivery Ltd.,LOGISTICS,ACTIVE,4995,NSE_EQ,EQUITY
DIVISLAB,Divi's Laboratories Ltd.,PHARMA,ACTIVE,10940,NSE_EQ,EQUITY
DIXON,Dixon Technologies (India) Ltd.,ELECTRONICS,ACTIVE,14979,NSE_EQ,EQUITY
DLF,DLF Ltd.,REAL ESTATE,ACTIVE,14732,NSE_EQ,EQUITY
DRREDDY,Dr. Reddy's Laboratories Ltd.,PHARMA,ACTIVE,881,NSE_EQ,EQUITY
EICHERMOT,Eicher Motors Ltd.,AUTO,ACTIVE,910,NSE_EQ,EQUITY
ESCORTS,Escorts Kubota Ltd.,AUTO,ACTIVE,958,NSE_EQ,EQUITY
FEDERALBNK,The Federal Bank Ltd.,BANKING,ACTIVE,1023,NSE_EQ,EQUITY
FINCABLE,Finolex Cables Ltd.,ELECTRONICS,ACTIVE,1055,NSE_EQ,EQUITY
FORTIS,Fortis Healthcare Ltd.,HEALTHCARE,ACTIVE,14788,NSE_EQ,EQUITY
GAIL,GAIL (India) Ltd.,OIL & GAS,ACTIVE,4717,NSE_EQ,EQUITY
GLENMARK,Glenmark Pharmaceuticals Ltd.,PHARMA,ACTIVE,11532,NSE_EQ,EQUITY
GMRINFRA,GMR Airports Infrastructure Ltd.,INFRASTRUCTURE,ACTIVE,13528,NSE_EQ,EQUITY
GNFC,Gujarat Narmada Valley Fertilizers,FERTILIZERS,ACTIVE,1107,NSE_EQ,EQUITY
GODREJCP,Godrej Consumer Products Ltd.,FMCG,ACTIVE,10099,NSE_EQ,EQUITY
GODREJPROP,Godrej Properties Ltd.,REAL ESTATE,ACTIVE,17875,NSE_EQ,EQUITY
GRASIM,Grasim Industries Ltd.,CONGLOMERATE,ACTIVE,1232,NSE_EQ,EQUITY
GUJGASLTD,Gujarat Gas Ltd.,OIL & GAS,ACTIVE,10599,NSE_EQ,EQUITY
HAL,Hindustan Aeronautics Ltd.,DEFENSE,ACTIVE,2303,NSE_EQ,EQUITY
HCLTECH,HCL Technologies Ltd.,IT,ACTIVE,7229,NSE_EQ,EQUITY
HDFCLIFE,HDFC Life Insurance Company Ltd.,INSURANCE,ACTIVE,467,NSE_EQ,EQUITY
HEROMOTOCO,Hero MotoCorp Ltd.,AUTO,ACTIVE,1340,NSE_EQ,EQUITY
HINDALCO,Hindalco Industries Ltd.,METALS,ACTIVE,1363,NSE_EQ,EQUITY
HINDPETRO,Hindustan Petroleum Corporation Ltd.,OIL & GAS,ACTIVE,1406,NSE_EQ,EQUITY
ICICIGI,ICICI Lombard General Insurance Co.,INSURANCE,ACTIVE,12563,NSE_EQ,EQUITY
ICICIPRULI,ICICI Prudential Life Insurance Co.,INSURANCE,ACTIVE,18652,NSE_EQ,EQUITY
IDEA,Vodafone Idea Ltd.,TELECOM,ACTIVE,14366,NSE_EQ,EQUITY
IDFC,IDFC Ltd.,FINANCE,ACTIVE,11184,NSE_EQ,EQUITY
IDFCFIRSTB,IDFC First Bank Ltd.,BANKING,ACTIVE,11195,NSE_EQ,EQUITY
IEX,Indian Energy Exchange Ltd.,FINANCE,ACTIVE,220,NSE_EQ,EQUITY
IGL,Indraprastha Gas Ltd.,OIL & GAS,ACTIVE,11262,NSE_EQ,EQUITY
INDHOTEL,The Indian Hotels Company Ltd.,HOSPITALITY,ACTIVE,1512,NSE_EQ,EQUITY
INDIACEM,The India Cements Ltd.,CEMENT,ACTIVE,1515,NSE_EQ,EQUITY
INDIMART,IndiaMART InterMESH Ltd.,RETAIL,ACTIVE,10726,NSE_EQ,EQUITY
INDUSINDBK,IndusInd Bank Ltd.,BANKING,ACTIVE,5258,NSE_EQ,EQUITY
IOC,Indian Oil Corporation Ltd.,OIL & GAS,ACTIVE,1624,NSE_EQ,EQUITY
IPCALAB,Ipca Laboratories Ltd.,PHARMA,ACTIVE,1633,NSE_EQ,EQUITY
IRCTC,Indian Railway Catering & Tourism Corp.,LOGISTICS,ACTIVE,13611,NSE_EQ,EQUITY
JINDALSTEL,Jindal Steel & Power Ltd.,METALS,ACTIVE,1722,NSE_EQ,EQUITY
JKCEMENT,JK Cement Ltd.,CEMENT,ACTIVE,13270,NSE_EQ,EQUITY
JSWMSTEEL,JSW Steel Ltd.,METALS,ACTIVE,1172,NSE_EQ,EQUITY
JUBILANT,Jubilant Pharmova Ltd.,PHARMA,ACTIVE,1782,NSE_EQ,EQUITY
JUBLFOOD,Jubilant FoodWorks Ltd.,RETAIL,ACTIVE,18096,NSE_EQ,EQUITY
KOTAKBANK,Kotak Mahindra Bank Ltd.,BANKING,ACTIVE,1922,NSE_EQ,EQUITY
L&TFH,L&T Finance Holdings Ltd.,FINANCE,ACTIVE,24948,NSE_EQ,EQUITY
LUPIN,Lupin Ltd.,PHARMA,ACTIVE,2031,NSE_EQ,EQUITY
M&M,Mahindra & Mahindra Ltd.,AUTO,ACTIVE,2031,NSE_EQ,EQUITY
M&MFIN,Mahindra & Mahindra Financial Services,FINANCE,ACTIVE,13285,NSE_EQ,EQUITY
MANAPPURAM,Manappuram Finance Ltd.,FINANCE,ACTIVE,19059,NSE_EQ,EQUITY
MCDOWELL-N,United Spirits Ltd.,FMCG,ACTIVE,10440,NSE_EQ,EQUITY
MCX,Multi Commodity Exchange of India,FINANCE,ACTIVE,31181,NSE_EQ,EQUITY
METROPOLIS,Metropolis Healthcare Ltd.,HEALTHCARE,ACTIVE,9516,NSE_EQ,EQUITY
MFSL,Max Financial Services Ltd.,INSURANCE,ACTIVE,2132,NSE_EQ,EQUITY
MGL,Mahanagar Gas Ltd.,OIL & GAS,ACTIVE,2232,NSE_EQ,EQUITY
MPHASIS,Mphasis Ltd.,IT,ACTIVE,4590,NSE_EQ,EQUITY
MRF,MRF Ltd.,AUTO,ACTIVE,2285,NSE_EQ,EQUITY
MUTHOOTFIN,Muthoot Finance Ltd.,FINANCE,ACTIVE,23647,NSE_EQ,EQUITY
NATIONALUM,National Aluminium Company Ltd.,METALS,ACTIVE,6364,NSE_EQ,EQUITY
NAUKRI,Info Edge (India) Ltd.,IT,ACTIVE,13758,NSE_EQ,EQUITY
NAVINFLUOR,Navin Fluorine International Ltd.,CHEMICALS,ACTIVE,14622,NSE_EQ,EQUITY
NESTLEIND,Nestle India Ltd.,FMCG,ACTIVE,17963,NSE_EQ,EQUITY
NMDC,NMDC Ltd.,MINING,ACTIVE,15332,NSE_EQ,EQUITY
NTPC,NTPC Ltd.,POWER,ACTIVE,11630,NSE_EQ,EQUITY
COCHINSHIP,Cochin Shipyard Ltd.,DEFENSE,ACTIVE,9590,NSE_EQ,EQUITY
FORCEMOT,Force Motors Ltd.,AUTO,ACTIVE,1059,NSE_EQ,EQUITY
GODFRYPHLP,Godfrey Phillips India Ltd.,FMCG,ACTIVE,1160,NSE_EQ,EQUITY
HYUNDAI,Hyundai Motor India Ltd.,AUTO,ACTIVE,2350,NSE_EQ,EQUITY
NAM-INDIA,Nippon Life India Asset Management,FINANCE,ACTIVE,4004,NSE_EQ,EQUITY
OBEROIRLTY,Oberoi Realty Ltd.,REAL ESTATE,ACTIVE,20205,NSE_EQ,EQUITY
OFSS,Oracle Financial Services Software Ltd.,IT,ACTIVE,10730,NSE_EQ,EQUITY
ONGC,Oil & Natural Gas Corporation Ltd.,OIL & GAS,ACTIVE,2475,NSE_EQ,EQUITY
PAGEIND,Page Industries Ltd.,APPAREL,ACTIVE,1682,NSE_EQ,EQUITY
PEL,Piramal Enterprises Ltd.,FINANCE,ACTIVE,2412,NSE_EQ,EQUITY
PERSISTENT,Persistent Systems Ltd.,IT,ACTIVE,18365,NSE_EQ,EQUITY
PETRONET,Petronet LNG Ltd.,OIL & GAS,ACTIVE,11351,NSE_EQ,EQUITY
PFC,Power Finance Corporation Ltd.,FINANCE,ACTIVE,14299,NSE_EQ,EQUITY
PIDILITIND,Pidilite Industries Ltd.,CHEMICALS,ACTIVE,2660,NSE_EQ,EQUITY
PIIND,PI Industries Ltd.,CHEMICALS,ACTIVE,2418,NSE_EQ,EQUITY
PNB,Punjab National Bank,BANKING,ACTIVE,2638,NSE_EQ,EQUITY
POLYCAB,Polycab India Ltd.,ELECTRONICS,ACTIVE,4507,NSE_EQ,EQUITY
POWERGRID,Power Grid Corporation of India Ltd.,POWER,ACTIVE,14977,NSE_EQ,EQUITY
PVRINOX,PVR INOX Ltd.,ENTERTAINMENT,ACTIVE,13538,NSE_EQ,EQUITY
RAMCOCEM,The Ramco Cements Ltd.,CEMENT,ACTIVE,2047,NSE_EQ,EQUITY
RBLBANK,RBL Bank Ltd.,BANKING,ACTIVE,18391,NSE_EQ,EQUITY
RECLTD,REC Ltd.,FINANCE,ACTIVE,15355,NSE_EQ,EQUITY
SAIL,Steel Authority of India Ltd.,METALS,ACTIVE,2963,NSE_EQ,EQUITY
SBICARD,SBI Cards & Payment Services Ltd.,FINANCE,ACTIVE,17963,NSE_EQ,EQUITY
SBILIFE,SBI Life Insurance Company Ltd.,INSURANCE,ACTIVE,21808,NSE_EQ,EQUITY
SHREECEM,Shree Cement Ltd.,CEMENT,ACTIVE,3103,NSE_EQ,EQUITY
SHRIRAMFIN,Shriram Finance Ltd.,FINANCE,ACTIVE,3150,NSE_EQ,EQUITY
SIEMENS,Siemens Ltd.,ENGINEERING,ACTIVE,3150,NSE_EQ,EQUITY
SRF,SRF Ltd.,CHEMICALS,ACTIVE,3273,NSE_EQ,EQUITY
SUNPHARMA,Sun Pharmaceutical Industries Ltd.,PHARMA,ACTIVE,3351,NSE_EQ,EQUITY
SUNTV,Sun TV Network Ltd.,ENTERTAINMENT,ACTIVE,13404,NSE_EQ,EQUITY
SYNGENE,Syngene International Ltd.,PHARMA,ACTIVE,10230,NSE_EQ,EQUITY
TATACHEM,Tata Chemicals Ltd.,CHEMICALS,ACTIVE,3404,NSE_EQ,EQUITY
TATACOMM,Tata Communications Ltd.,TELECOM,ACTIVE,3432,NSE_EQ,EQUITY
TATACONSUM,Tata Consumer Products Ltd.,FMCG,ACTIVE,3432,NSE_EQ,EQUITY
TATAPOWER,Tata Power Company Ltd.,POWER,ACTIVE,3433,NSE_EQ,EQUITY
TECHM,Tech Mahindra Ltd.,IT,ACTIVE,13538,NSE_EQ,EQUITY
TIMKEN,Timken India Ltd.,ENGINEERING,ACTIVE,3503,NSE_EQ,EQUITY
TITAN,Titan Company Ltd.,RETAIL,ACTIVE,3506,NSE_EQ,EQUITY
TORNTPHARM,Torrent Pharmaceuticals Ltd.,PHARMA,ACTIVE,3518,NSE_EQ,EQUITY
TRENT,Trent Ltd.,RETAIL,ACTIVE,19605,NSE_EQ,EQUITY
TVSMOTOR,TVS Motor Company Ltd.,AUTO,ACTIVE,3709,NSE_EQ,EQUITY
UBL,United Breweries Ltd.,FMCG,ACTIVE,16713,NSE_EQ,EQUITY
ULTRACEMCO,UltraTech Cement Ltd.,CEMENT,ACTIVE,11532,NSE_EQ,EQUITY
UPL,UPL Ltd.,CHEMICALS,ACTIVE,11287,NSE_EQ,EQUITY
VEDL,Vedanta Ltd.,METALS,ACTIVE,3118,NSE_EQ,EQUITY
VOLTAS,Voltas Ltd.,ELECTRONICS,ACTIVE,3787,NSE_EQ,EQUITY
ZEEL,Zee Entertainment Enterprises Ltd.,ENTERTAINMENT,ACTIVE,3812,NSE_EQ,EQUITY
ZYDUSLIFE,Zydus Lifesciences Ltd.,PHARMA,ACTIVE,12322,NSE_EQ,EQUITY
YESBANK,Yes Bank Ltd.,BANKING,ACTIVE,11915,NSE_EQ,EQUITY
RVNL,Rail Vikas Nigam Ltd.,INFRASTRUCTURE,ACTIVE,2441,NSE_EQ,EQUITY
IRFC,Indian Railway Finance Corporation,FINANCE,ACTIVE,2354,NSE_EQ,EQUITY
IREDA,Indian Renewable Energy Dev. Agency,FINANCE,ACTIVE,2364,NSE_EQ,EQUITY
SUZLON,Suzlon Energy Ltd.,POWER,ACTIVE,12563,NSE_EQ,EQUITY
KPITTECH,KPIT Technologies Ltd.,IT,ACTIVE,18652,NSE_EQ,EQUITY
TATAELXSI,Tata Elxsi Ltd.,IT,ACTIVE,3404,NSE_EQ,EQUITY
CGPOWER,CG Power & Industrial Solutions,ENGINEERING,ACTIVE,704,NSE_EQ,EQUITY
CDSL,Central Depository Services (India) Ltd.,FINANCE,ACTIVE,10731,NSE_EQ,EQUITY
BSE,BSE Ltd.,FINANCE,ACTIVE,23782,NSE_EQ,EQUITY
PAYTM,One97 Communications Ltd. (Paytm),FINANCE,ACTIVE,12519,NSE_EQ,EQUITY
NHPC,NHPC Ltd.,POWER,ACTIVE,15332,NSE_EQ,EQUITY
OIL,Oil India Ltd.,OIL & GAS,ACTIVE,11630,NSE_EQ,EQUITY
LICI,Life Insurance Corporation of India,INSURANCE,ACTIVE,5990,NSE_EQ,EQUITY
FACT,Fertilisers & Chemicals Travancore,FERTILIZERS,ACTIVE,3000,NSE_EQ,EQUITY
HBLPOWER,HBL Power Systems Ltd.,ENGINEERING,ACTIVE,1341,NSE_EQ,EQUITY
IRCON,Ircon International Ltd.,INFRASTRUCTURE,ACTIVE,15352,NSE_EQ,EQUITY
ITI,ITI Ltd.,TELECOM,ACTIVE,1613,NSE_EQ,EQUITY
NBCC,NBCC (India) Ltd.,INFRASTRUCTURE,ACTIVE,14299,NSE_EQ,EQUITY
KALYANKJIL,Kalyan Jewellers India Ltd.,RETAIL,ACTIVE,24259,NSE_EQ,EQUITY
ANGELONE,Angel One Ltd.,FINANCE,ACTIVE,23623,NSE_EQ,EQUITY
BDL,Bharat Dynamics Ltd.,DEFENSE,ACTIVE,23513,NSE_EQ,EQUITY
DMART,Avenue Supermarts Ltd. (DMart),RETAIL,ACTIVE,11616,NSE_EQ,EQUITY
JIOFIN,Jio Financial Services Ltd.,FINANCE,ACTIVE,24303,NSE_EQ,EQUITY
KAYNES,Kaynes Technology India Ltd.,ENGINEERING,ACTIVE,24224,NSE_EQ,EQUITY
MAZDOCK,Mazagon Dock Shipbuilders Ltd.,DEFENSE,ACTIVE,23596,NSE_EQ,EQUITY
MANKIND,Mankind Pharma Ltd.,PHARMA,ACTIVE,24147,NSE_EQ,EQUITY
POLICYBZR,PB Fintech Ltd. (Policybazaar),FINANCE,ACTIVE,23861,NSE_EQ,EQUITY
SOLARINDS,Solar Industries India Ltd.,CHEMICALS,ACTIVE,13588,NSE_EQ,EQUITY
VBL,Varun Beverages Ltd.,FMCG,ACTIVE,12325,NSE_EQ,EQUITY
KEI,KEI Industries Ltd.,ENGINEERING,ACTIVE,1721,NSE_EQ,EQUITY
BLUESTARCO,Blue Star Ltd.,ELECTRONICS,ACTIVE,13236,NSE_EQ,EQUITY
SWIGGY,Swiggy Ltd.,RETAIL,ACTIVE,24520,NSE_EQ,EQUITY
WAAREEENER,Waaree Energies Ltd.,POWER,ACTIVE,24480,NSE_EQ,EQUITY
PREMIERENE,Premier Energies Ltd.,POWER,ACTIVE,24512,NSE_EQ,EQUITY
VMM,Vishal Mega Mart Ltd.,RETAIL,ACTIVE,24555,NSE_EQ,EQUITY
MOTILALOFS,Motilal Oswal Financial Services,FINANCE,ACTIVE,14297,NSE_EQ,EQUITY
ADANIGREEN,Adani Green Energy Ltd.,POWER,ACTIVE,15386,NSE_EQ,EQUITY
ADANIENSOL,Adani Energy Solutions Ltd.,POWER,ACTIVE,24389,NSE_EQ,EQUITY
ETERNAL,Zomato Ltd. (Eternal),RETAIL,ACTIVE,5097,NSE_EQ,EQUITY
KFINTECH,KFin Technologies Ltd.,FINANCE,ACTIVE,24169,NSE_EQ,EQUITY
SAMMAANCAP,Sammaan Capital Ltd.,FINANCE,ACTIVE,24533,NSE_EQ,EQUITY
APLAPOLLO,APL Apollo Tubes Ltd.,METALS,ACTIVE,13161,NSE_EQ,EQUITY
CAMS,Computer Age Management Services Ltd.,FINANCE,ACTIVE,23890,NSE_EQ,EQUITY
DEVYANI,Devyani International Ltd.,RETAIL,ACTIVE,23764,NSE_EQ,EQUITY
JSWINFRA,JSW Infrastructure Ltd.,INFRASTRUCTURE,ACTIVE,24333,NSE_EQ,EQUITY
SONACOMS,Sona BLW Precision Forgings Ltd.,AUTO,ACTIVE,23773,NSE_EQ,EQUITY
TIINDIA,Tube Investments of India Ltd.,AUTO,ACTIVE,15175,NSE_EQ,EQUITY
TTML,Tata Teleservices (Maharashtra) Ltd.,TELECOM,ACTIVE,3413,NSE_EQ,EQUITY
ZYDUSWELL,Zydus Wellness Ltd.,FMCG,ACTIVE,3851,NSE_EQ,EQUITY
GRINFRA,G R Infraprojects Ltd.,INFRASTRUCTURE,ACTIVE,23726,NSE_EQ,EQUITY
IDEAFORGE,Ideaforge Technology Ltd.,DEFENSE,ACTIVE,24343,NSE_EQ,EQUITY
LLOYDSME,Lloyds Metals and Energy Ltd.,METALS,ACTIVE,24189,NSE_EQ,EQUITY
OLECTRA,Olectra Greentech Ltd.,AUTO,ACTIVE,8165,NSE_EQ,EQUITY
POONAWALLA,Poonawalla Fincorp Ltd.,FINANCE,ACTIVE,24193,NSE_EQ,EQUITY
RAINBOW,Rainbow Childrens Medicare Ltd.,PHARMA,ACTIVE,24013,NSE_EQ,EQUITY
ZENITHEXPL,Zenith Explosives,CHEMICALS,ACTIVE,24437,NSE_EQ,EQUITY
